{
  "theoretical": {
    "R_HHF": 1.8108071973231944e-13,
    "R_ratio": 1.1203722168365725e+22,
    "S_H": 1.2552339042592958e+44,
    "V_H": 1.4063291919634134e+66,
    "Lambda_HH": 1.1203722168365725e+22
  },
  "spectral": {
    "R_inf_calculated": 10973731.568138644,
    "R_H_calculated": 10967758.340259008,
    "R_H_official": 10967758.34,
    "relative_error": 2.3615423548907396e-11,
    "validated": true
  },
  "timestamp": "2025-12-01T12:25:02.693762"
}