{
  "isotopologues": {
    "H2": {
      "isotope": "H2",
      "omega_eff": 4158.55,
      "mu": 0.503912516035,
      "k_eff": 513.4394570808789,
      "r_eff": 0.04413217988729939,
      "lambda_hh": 1.0
    },
    "D2": {
      "isotope": "D2",
      "omega_eff": 2994.94,
      "mu": 1.007050888925,
      "k_eff": 532.203724683022,
      "r_eff": 0.043347199557762915,
      "lambda_hh": 0.9822129717693284
    },
    "T2": {
      "isotope": "T2",
      "omega_eff": 2463.0,
      "mu": 1.5080246388499998,
      "k_eff": 538.998431058503,
      "r_eff": 0.0430731119148585,
      "lambda_hh": 0.9760023643711814
    }
  },
  "max_deviation": 0.023997635628818625,
  "threshold": 0.1,
  "status": "PASS",
  "timestamp": "2025-12-01T12:25:02.292961",
  "data_source": "NIST Chemistry WebBook"
}